{"IcoMoonType":"selection","icons":[{"icon":{"paths":["M512 0c-282.77 0-512 229.23-512 512s229.226 512 512 512c282.77 0 512-229.23 512-512s-229.23-512-512-512zM512 832c-48.458 0-94.384-10.796-135.542-30.082l33.162-55.276c31.356 13.712 65.966 21.358 102.38 21.358 93.208 0 174.772-49.818 219.542-124.278l54.882 32.934c-55.964 93.070-157.914 155.344-274.424 155.344zM832 384c0 35.2-28.8 64-64 64h-128c-35.2 0-64-28.8-64-64h-128c0 35.2-28.8 64-64 64h-128c-35.2 0-64-28.8-64-64v-96c0-17.6 14.4-32 32-32h192c17.6 0 32 14.4 32 32v32h128v-32c0-17.6 14.4-32 32-32h192c17.6 0 32 14.4 32 32v96z"],"attrs":[],"isMulticolor":false,"isMulticolor2":false,"tags":["cool","emoticon","smiley","face"],"defaultCode":60687,"grid":16},"attrs":[],"properties":{"order":2,"prevSize":16,"ligatures":"cool2, emoticon14","name":"cool2","id":1039,"code":60687},"setIdx":0,"setId":0,"iconIdx":1039},{"icon":{"paths":["M384 416c0 17.674-14.326 32-32 32s-32-14.326-32-32 14.326-32 32-32 32 14.326 32 32z","M704 416c0 17.674-14.326 32-32 32s-32-14.326-32-32 14.326-32 32-32 32 14.326 32 32z","M512 0c-282.77 0-512 229.23-512 512s229.23 512 512 512 512-229.23 512-512-229.23-512-512-512zM256 416c0-53.020 42.98-96 96-96s96 42.98 96 96-42.98 96-96 96-96-42.98-96-96zM640 768h-256v-64h256v64zM672 512c-53.020 0-96-42.98-96-96s42.98-96 96-96 96 42.98 96 96-42.98 96-96 96z"],"attrs":[],"isMulticolor":false,"isMulticolor2":false,"tags":["baffled","emoticon","smiley","shocked","face"],"defaultCode":60695,"grid":16},"attrs":[],"properties":{"order":3,"prevSize":16,"ligatures":"baffled2, emoticon22","name":"baffled2","id":1047,"code":60695},"setIdx":0,"setId":0,"iconIdx":1047},{"icon":{"paths":["M893.254 221.254l-90.508-90.508-290.746 290.744-290.746-290.744-90.508 90.506 290.746 290.748-290.746 290.746 90.508 90.508 290.746-290.746 290.746 290.746 90.508-90.51-290.744-290.744z"],"attrs":[],"isMulticolor":false,"isMulticolor2":false,"tags":["cross","cancel","close","quit","remove"],"defaultCode":60781,"grid":16},"attrs":[],"properties":{"order":6,"prevSize":16,"ligatures":"cross2, cancel3","name":"cross2","id":1133,"code":60781},"setIdx":0,"setId":0,"iconIdx":1133},{"icon":{"paths":["M983.058 64c-334.5 253.166-655.302 591.8-655.302 591.8l-231.18-207.8-96.576 98.378c95.016 89.302 315.162 325.198 389.632 413.622 209.59-350.18 427.478-611.336 634.368-850.154l-40.942-45.846z"],"attrs":[],"isMulticolor":false,"isMulticolor2":false,"tags":["checkmark","tick","correct","accept","ok"],"defaultCode":60786,"grid":16},"attrs":[],"properties":{"order":8,"prevSize":16,"ligatures":"checkmark4, tick4","name":"checkmark4","id":1138,"code":60786},"setIdx":0,"setId":0,"iconIdx":1138}],"height":1024,"metadata":{"name":"icomoon"},"preferences":{"showGlyphs":true,"showCodes":true,"showQuickUse":true,"showQuickUse2":true,"showSVGs":true,"fontPref":{"prefix":"icon-","metadata":{"fontFamily":"icomoon"},"metrics":{"emSize":1024,"baseline":6.25,"whitespace":50},"embed":false},"imagePref":{"prefix":"icon-","png":true,"useClassSelector":true,"color":0,"bgColor":16777215},"historySize":50}}